{
	"articles": [
		{
			"title": "Mukul's Title",
			"content": "Mukul's Content",
            "image": "https://i.guim.co.uk/img/media/ebe3a167396ed5dee8ea70b3750bcb773497d8b6/0_0_7849_4710/master/7849.jpg?width=1200&height=630&quality=85&auto=format&fit=crop&overlay-align=bottom%2Cleft&overlay-width=100p&overlay-base64=L2ltZy9zdGF0aWMvb3ZlcmxheXMvdGctZGVmYXVsdC5wbmc&enable=upscale&s=e27f61c1db8fd418d618fecdfbf1f610",
            "description": "Opponents say move is yet"
		},
        {
			"title": "Mukul's Title 2",
			"content": "Mukul's Content 2",
            "image": "https://images.news18.com/ibnlive/uploads/2023/04/eway.png-168248679316x9.jpg",
            "description": "Opponents say move is yet"
		}
	]
}